<?xml version="1.0" encoding="utf-8"?>
<extension type="plugin" group="iproperty" version="3.1" method="upgrade">
    <name>IProperty - Simple Availability System (SAS) - Property Admin</name>
    <creationDate>February 2015</creationDate>
    <author>The Thinkery</author>
    <authorEmail>info@thethinkery.net</authorEmail>
    <authorUrl>http://www.thethinkery.net</authorUrl>
    <copyright>Copyright 2015 The Thinkery LLC. All rights reserved.</copyright>
    <license>GNU/GPL</license>
    <version>3.3</version>
    <description>Creates tab after admin property edit view to set availability for property rentals.</description>
    <!-- installer script -->
    <scriptfile>installer.php</scriptfile>
    <languages>
       <language tag="en-GB">en-GB.plg_iproperty_sasadmin.ini</language>
    </languages>
    <files>
	<folder>files</folder>
        <filename plugin="sasadmin">sasadmin.php</filename>
        <filename plugin="sasadmin">sasadmin.js</filename>
        <filename plugin="sasadmin">install.sql</filename>
        <filename plugin="sasadmin">README.txt</filename>
    </files>
    
    <install>
        <sql>
            <file driver="mysql" charset="utf8">install.sql</file>
        </sql>
    </install>
    
    <config>
		<fields name="params">
			<fieldset name="basic">
                <field name="tabtitle" type="text" default="" label="PLG_IP_SASADMIN_TABTITLE" description="PLG_IP_SASADMIN_TABTITLE_DESC" />
				<field name="default_free" type="list" default="" label="PLG_IP_SASADMIN_DEFAULTFREE" description="PLG_IP_SASADMIN_DEFAULTFREE_DESC" />
            </fieldset>
        </fields>
    </config>
</extension>
